,title,date,result,explain,tag
0,来自意大利的“真相”：“新冠”不是病毒，而是细菌,2021/3/25,假,谣言,"['新冠病毒', '细菌']"
1,法国发现的新冠病毒变异株核酸检测查不出,2021/3/22,假,谣言,"['新型冠状病毒', '病毒变异']"
2,尼帕病毒是下一个全球大流行病毒，比新冠危险75倍,2021/3/10,疑,尚无定论,"['尼帕病毒', '新冠']"
3,20%新冠男康复者精液中完全无精子，失去生育能力,2021/3/1,假,谣言,"['新冠', '康复者']"
4,甲型流感病毒会使新冠病毒更容易感染人,2021/2/27,真,确实如此,"['流感病毒', '新冠病毒']"
5,智能手表可以直接检测出新冠患者,2021/2/19,假,谣言,"['智能手表', '新冠肺炎']"
6,一份来自隔离医院的居家药物清单,2021/2/12,假,谣言,"['新冠肺炎', '柠檬']"
7,肿瘤患者不建议接种新冠疫苗,2021/2/9,真,确实如此,"['恶性肿瘤', '新冠疫苗']"
8,比尔·盖茨雇替身打新冠疫苗,2021/2/9,假,谣言,"['疫苗', '比尔盖茨']"
9,西班牙养老院因接种新冠疫苗导致全体阳性,2021/2/3,假,谣言,"['西班牙', '新冠疫苗']"
10,纽约华裔新冠死亡率第一,2021/2/2,假,谣言,"['新冠', '华裔']"
11,新冠病毒E484K“逃逸突变”已让疫苗完全失效,2021/2/1,假,谣言,"['新冠病毒', '疫苗失效']"
12,加拿大科学家发现秋水仙碱是新冠救命药,2021/1/31,疑,尚无定论,"['秋水仙碱', '新冠']"
13,世界卫生组织不建议接种莫德纳新冠疫苗,2021/1/27,假,谣言,"['世界卫生组织', '莫德纳新冠疫苗']"
14, 八分之一新冠康复者会在140天内死亡,2021/1/23,假,谣言,"['死亡率', '新冠肺炎']"
15,进口车厘子检出新冠阳性所以车厘子不能吃了,2021/1/23,假,谣言,"['车厘子', '新冠病毒']"
16,视频曝光：上海肿瘤医院确诊新冠员工在电梯强吻他人,2021/1/22,假,谣言,"['新冠肺炎', '上海']"
17,意大利发现最早人类感染新冠病毒病例,2021/1/20,疑,尚无定论,"['新冠病毒', '意大利']"
18,辉瑞新冠疫苗的有效率29％仅为假设,2021/1/16,真,确实如此,"['新冠', '疫苗']"
19,“新冠疫苗已开放预约，名额有限”短信系诈骗,2021/1/14,真,确实如此,"['新冠疫苗', '预约']"
20,1月15日全国各地陆续封城，“封城时间表”流出,2021/1/14,假,谣言,"['疫情', '封城']"
21,感染新冠可以“以毒攻毒”治疗癌症,2021/1/12,假,谣言,"['新冠', '癌症']"
22,憋气30秒可以测试肺部是否健康,2021/1/12,假,谣言,"['肺', '憋气']"
23,东京奥运会将于1月18日宣布取消,2021/1/11,假,谣言,"['奥运会', '日本']"
24,接种了mRNA疫苗就会变成转基因人,2021/1/10,假,谣言,"['mRNA', '新冠疫苗']"
25,石家庄藁城区外国人聚集做核酸检测,2021/1/8,假,谣言,"['外国人', '藁城区']"
26,视频：广东省人民医院乔贵宾称茶水可以杀死新冠病毒,2021/1/8,假,谣言,"['茶叶', '新冠病毒']"
27,钟南山院士抵达石家庄抗击疫情,2021/1/6,假,谣言,"['钟南山', '石家庄']"
28,钟南山和2500医护人员抵达大连抗击疫情,2020/12/29,假,谣言,"['钟南山', '抗疫']"
29,辉瑞疫苗对亚裔有效率不足,2020/12/27,假,谣言,"['新冠肺炎', '疫苗']"
30,北京市委市政府紧急通知，宣布进入“战时”状态,2020/12/26,假,谣言,"['北京', '新冠肺炎']"
31,辉瑞新冠疫苗会致人面瘫,2020/12/16,疑,尚无定论,"['辉瑞', '疫苗']"
32,打新冠疫苗会导致女性不育,2020/12/10,假,谣言,"['疫苗', '新冠疫情']"
33,成都确诊新冠肺炎女子照片曝光,2020/12/8,假,谣言,"['湖南', '成都']"
34,新冠特效药已面世，2天病毒就消失,2020/12/1,假,谣言,"['新冠疫情', '特效药']"
35,新冠疫苗的有效率一定要到90%才靠谱,2020/11/19,假,谣言,"['新冠疫情', '疫苗']"
36,新冠病毒去年2019年9月就已经在意大利流行,2020/11/18,疑,尚无定论,"['新冠病毒', '意大利']"
37,研究发现两成新冠患者会在3个月内患上精神病,2020/11/17,疑,有失实,"['新冠病毒', '焦虑症']"
38,11月9日上海飞拉萨航班全机隔离,2020/11/13,假,谣言,"['飞机', '航班']"
39,乙肝携带者会影响新冠抗体检测结果,2020/11/4,疑,尚无定论,"['抗体', '新冠病毒']"
40,上海11月2日又启动公共卫生事件一级响应,2020/11/3,假,谣言,"['上海', '一级响应']"
41,成都青白江区10月底开展全员核酸检测,2020/11/1,假,谣言,"['新冠病毒', '核酸检测']"
42,山大齐鲁医院开会，“抗疫”打成“抗议”????,2020/10/23,假,谣言,"['齐鲁医院', '抗疫']"
43,烟台新增无症状感染者共追踪到密接者26350人,2020/10/20,假,谣言,"['烟台', '新冠肺炎']"
44,十一期间武汉硚口区有一千多人去过青岛,2020/10/16,假,谣言,"['青岛', '疫情']"
45,昆山一台湾籍员工国庆赴青岛旅游回台确诊,2020/10/15,假,谣言,"['江苏昆山', '台湾']"
46,钟南山10月12日抵达青岛协助疫情防控工作,2020/10/14,假,谣言,"['青岛', '钟南山']"
47,参加第三届进博会的所有外国人不用隔离14天,2020/10/12,假,谣言,"['进博会', '上海']"
48,特朗普夫妇确诊新冠肺炎,2020/10/2,真,确实如此,"['特朗普', '第一夫人']"
49,国庆去青岛旅游健康码会变色,2020/9/29,假,谣言,"['青岛', '健康码']"
50,荷兰水貂把新冠病毒传人说明水貂是中间宿主,2020/9/18,疑,尚无定论,"['新冠病毒', '水貂']"
51,9月13日全国新增49名新冠确诊病例，分布多省市,2020/9/15,假,谣言,"['新冠病毒', '无症状感染者']"
52,新冠肺炎男性患者的死亡率更高,2020/9/10,真,确实如此,"['新冠病毒', '免疫细胞因子']"
53,新冠死者平均只损失了几个月的寿命,2020/9/9,假,谣言,"['新冠', '死亡']"
54,人类可能无法对新冠病毒获得持久的免疫保护,2020/8/29,真,确实如此,"['新冠病毒', '新冠疫苗']"
55,警犬能够准确闻出感染新冠的人,2020/8/28,疑,尚无定论,"['新冠检测', '警犬']"
56,香港新冠“二次感染”病例意味着群体免疫可能无效,2020/8/26,真,确实如此,"['新冠病毒', '疫苗']"
57,印度卫生部长检查基层防疫，不戴口罩者直接扇嘴巴,2020/8/20,假,谣言,"['印度', '口罩']"
58,大数据显示，新冠并没有造成更多人死亡,2020/8/19,假,谣言,"['新冠肺炎', '美国']"
59,普京女儿注射疫苗后高烧不治身亡,2020/8/18,假,谣言,"['普京', '女儿']"
60,新冠病毒会感染中耳组织,2020/8/16,疑,尚无定论,"['新冠病毒', '耳朵']"
61,新冠灭活疫苗已开卖，498元一支，总共打3支,2020/8/13,假,谣言,"['新冠疫苗', '新冠病毒']"
62,水是新冠病毒的重大弱点,2020/8/13,假,谣言,"['新冠病毒', '水']"
63,新冠疫苗对肥胖者无效,2020/8/12,疑,尚无定论,"['疫苗', '肥胖']"
64,日本流行的新冠病毒株已发生重大突变,2020/8/11,假,谣言,"['日本', '新冠病毒']"
65,研究发现高个子感染新冠病毒的风险更大,2020/8/9,疑,尚无定论,"['身高', '新冠病毒']"
66,大连新冠疫情与北京新疆疫情有关联,2020/8/3,假,谣言,"['大连', '新冠肺炎']"
67,又有一种新型病毒在武汉传播,2020/8/3,假,谣言,"['武汉', '病毒']"
68,云南吃野生菌中毒死亡人数已超当地新冠死亡人数,2020/8/1,真,确有此事,"['野生菌', '新冠病毒']"
69,美国新冠感染数字造假，往大了编,2020/7/27,假,谣言,"['新冠肺炎', '美国']"
70,新冠恐怖后遗症出现！每个患者都会出现可怕血栓！,2020/7/24,假,谣言,"['新冠肺炎', '血栓']"
71,钟南山院士已抵达新疆乌鲁木齐抗击疫情,2020/7/23,假,谣言,"['新疆', '钟南山']"
72,新冠疫情使巴西的死亡率不增反降,2020/7/21,假,谣言,"['巴西', '新冠肺炎']"
73,乌鲁木齐新冠疫情由哈萨克斯坦入境者引起,2020/7/20,假,谣言,"['乌鲁木齐', '哈萨克斯坦']"
74,新冠抗体在人体只能持续几周时间,2020/7/11,疑,尚无定论,"['新冠抗体', '无症状感染者']"
75,健康宝头像框变红表明核酸检测异常,2020/7/10,假,谣言,"['北京健康宝', '核酸检测']"
76,新冠病毒早已藏在世界各地，处于休眠状态 ,2020/7/9,疑,尚无定论,"['新冠病毒', '废水检测']"
77,西班牙从去年3月的废水检出新冠病毒相关研究漏洞大,2020/7/5,真,确实如此,"['新冠病毒', '西班牙']"
78,钟南山代言“吸氢疗法治新冠肺炎”,2020/7/4,假,谣言,"['吸氢气疗法', '钟南山']"
79,新冠病毒G614突变株的感染效率提高9倍以上,2020/7/3,疑,尚无定论,"['新型冠状病毒', '北京']"
80,北京低风险地区出京取消核酸证明,2020/7/3,真,确实如此,"['北京', '核酸检测']"
81,福建出现染上新型冠状病毒的牛,2020/7/2,假,谣言,"['新冠病毒', '福建']"
82,北京石景山万达现核酸阳性人员,2020/7/2,真,确实如此,"['北京', '石景山']"
83,新冠病毒已变异，武汉又有几十人中招,2020/7/2,假,谣言,"['新冠病毒', '武汉']"
84,因疫情原因，中国驻纳米比亚使馆组织包机回国,2020/7/1,假,谣言,"['纳米比亚', '大使馆']"
85,新发地牛羊肉综合大楼确诊102例所以牛羊肉不能吃,2020/6/30,假,谣言,"['新冠病毒', '牛羊肉']"
86,北京大部分银行因疫情将停业一周,2020/6/29,假,谣言,"['北京', '疫情']"
87,希腊红灯区重开后嫖客只能在房间呆15分钟,2020/6/27,假,谣言,"['新冠疫情', '希腊']"
88,点外卖感染新冠病毒的可能性极低,2020/6/25,真,确实如此,"['外卖', '新型冠状病毒']"
89,约基奇新冠病毒检测呈阳性,2020/6/24,真,确有此事,"['约基奇', '新型冠状病毒']"
90,北京市民路过中高风险地区健康码会变色,2020/6/24,假,谣言,"['健康码', '北京']"
91,德约科维奇新冠病毒检测呈阳性,2020/6/23,真,确有此事,"['德约科维奇', '新冠病毒']"
92,意大利从废水中检测出新冠病毒说明水会传播新冠病毒,2020/6/23,假,谣言,"['新冠病毒', '传播']"
93,核酸检测前不能喝酒,2020/6/23,疑,分情况,"['新型冠状病毒', '酒']"
94,安徽大爷无健康码，徒步千里到浙江打工,2020/6/23,疑,有失实,"['安徽', '健康码']"
95,鄂牌车车主因新冠肺炎去世未挪车,2020/6/22,假,谣言,"['新型冠状病毒', '湖北']"
96,印度研制出纳米喷雾，喷一喷物体表面90天不沾病毒,2020/6/22,疑,尚无定论,"['印度', '喷雾']"
97,百事公司员工确诊新冠肺炎，乐事薯片不能吃了,2020/6/22,假,谣言,"['薯片', '新型冠状病毒']"
98,李兰娟说“零下20℃，新冠病毒可存活20年”,2020/6/20,假,谣言,"['新型冠状病毒', '冷链运输']"
99,此次北京新增确诊患者的治疗费用需自理,2020/6/18,假,谣言,"['北京', '新冠肺炎']"
100,抗新冠病毒高免牛奶研发成功，可用于预防和辅助治疗,2020/6/18,假,谣言,"['新型冠状病毒', '牛奶']"
101,为疫情防控，84岁钟南山院士空降北京,2020/6/18,假,谣言,"['钟南山', '北京']"
102,地塞米松是治疗新冠肺炎的特效药,2020/6/18,疑,尚无定论,"['地塞米松', '糖皮质激素']"
103,李兰娟提醒北京疫情可能全面爆发,2020/6/18,假,谣言,"['李兰娟', '北京']"
104,6月16日北京多条高速公路双向封闭,2020/6/17,假,谣言,"['高速公路', '北京']"
105,北京新发地市场几万人被运送到河北唐山隔离,2020/6/16,假,谣言,"['新发地', '唐山']"
106,新发地病毒与欧洲毒株相似，说明病毒来自欧洲,2020/6/16,疑,尚无定论,"['新型冠状病毒', '新发地']"
107,钟南山院士告诫端午节前不要出门,2020/6/16,假,谣言,"['钟南山', '疫情']"
108,微信支付宝锁定35万人进行病毒筛查,2020/6/15,假,谣言,"['支付宝', '微信']"
109,6月15日0时起暂停外国人入境,2020/6/15,疑,有失实,"['外国人入境', '外交部']"
110,男性比女性更容易感染新冠肺炎,2020/6/15,疑,尚无定论,"['新冠病毒', '男性']"
111,咽拭子阳性的受检者就是新冠肺炎确诊病例,2020/6/13,疑,分情况,"['新冠肺炎', '咽拭子阳性']"
112,三文鱼感染新冠病毒并传播给人的可能性几乎为0,2020/6/13,真,确实如此,"['新型冠状病毒', '三文鱼']"
113,陈薇院士团队研制的新冠疫苗有望在泰邦生物大量生产,2020/6/9,假,谣言,"['新冠肺炎', '疫苗']"
114,疫情期间杭州给外籍人士发5000元疫情补助,2020/6/5,假,谣言,"['新冠疫情', '杭州']"
115,患普通感冒有助于抗新冠病毒,2020/6/3,疑,尚无定论,"['新冠病毒', '感冒']"
116,新冠抗体重大突破，100%抑制病毒，4天内清除,2020/5/22,假,谣言,"['新冠病毒', '抗体']"
117,荷兰以色列已开发出能使新冠病毒失效阻断感染的抗体,2020/5/15,假,谣言,"['新型冠状病毒', '抗体']"
118,黑龙江省规定疫情期间乘电梯要背对背,2020/5/14,假,谣言,"['黑龙江', '电梯']"
119,印度完了！印度新冠病人在街头突然倒地,2020/5/14,假,谣言,"['新冠疫情', '印度']"
120,新冠肺炎“复阳”患者几乎不具备传染性,2020/5/13,真,确实如此,"['新型冠状病毒', '核酸检测']"
121,初中生跑步时因为戴口罩导致猝死,2020/5/11,疑,尚无定论,"['口罩', '猝死']"
122,新冠病毒可以通过性行为传播,2020/5/9,疑,尚无定论,"['性行为', '新型冠状病毒']"
123,羊驼抗体能够消灭新型冠状病毒,2020/5/8,疑,尚无定论,"['羊驼', '新型冠状病毒']"
124,印度使用挖掘机活埋新冠病毒感染者,2020/5/7,假,谣言,"['印度', '非洲']"
125,日本诺奖得主本庶佑称新冠病毒是中国实验室制造,2020/5/5,假,谣言,"['日本', '新冠病毒']"
126,世界卫生组织5月1日重申新冠病毒源自自然界,2020/5/2,真,确有此事,"['新冠病毒', '世界卫生组织']"
127,泰国猫咪疫情期间违反外出禁令被捕，“罪犯照”流出,2020/5/1,假,假新闻,"['泰国', '猫']"
128,已有抗体的新冠肺炎治愈者不会再次感染,2020/4/30,疑,尚无定论,"['抗体', '新型冠状病毒']"
129,吸烟者可能较易感染新型冠状病毒,2020/4/29,真,确实如此,"['吸烟者', '新型冠状病毒']"
130,儿童佩戴N95口罩可能会造成不可逆伤害,2020/4/28,真,确实如此,"['N95口罩', '儿童']"
131,英国新冠疫苗人体试验先行者Elisa已死亡,2020/4/28,假,谣言,"['新冠肺炎', '疫苗']"
132,王辰院士表示中国已决定实行“群体免疫”,2020/4/28,假,谣言,"['群体免疫', '新冠肺炎']"
133,全国31省市摘口罩时间表公布,2020/4/26,假,谣言,"['新冠肺炎', '口罩']"
134,商务部对外贸易司指定5家企业生产出口医疗物资,2020/4/25,假,谣言,"['医用物资', '出口']"
135,新冠肺炎的R0是5.7，高于常见的流行病,2020/4/23,疑,尚无定论,"['新冠肺炎', '传染病']"
136,钟南山说过“五月份疫情将全面爆发”,2020/4/22,假,谣言,"['钟南山', '新型冠状病毒']"
137,组合用羟氯喹阿奇霉素和硫酸锌能有效治疗新冠肺炎,2020/4/21,疑,尚无定论,"['新型冠状病毒', '羟氯喹']"
138,美国纽约殡葬公司员工累倒午睡，被同事误当尸体火化,2020/4/20,假,假新闻,"['美国', '纽约']"
139,4月20日北京市朝阳区被列为疫情高风险地区,2020/4/20,真,确有此事,"['北京', '朝阳区']"
140,美国纽约大量青壮年一发病就上呼吸机，是ADE导致,2020/4/20,假,谣言,"['纽约', '新型冠状病毒']"
141,北京市教委确认幼升小以及小升初预计推迟至今年七月,2020/4/19,假,谣言,"['北京', '开学时间']"
142,北京西站出现大量白衣人，意味着北京疫情大爆发,2020/4/18,假,谣言,"['北京西站', '新型冠状病毒']"
143,有论文证明新冠病毒可以通过鞋底传播4米,2020/4/17,假,谣言,"['新冠病毒', '鞋底']"
144,比尔·盖茨利用新冠疫情控制人口，完成人类清除计划,2020/4/17,假,谣言,"['比尔·盖茨', '新冠病毒']"
145,美国基于唾液的新冠病毒检测方法准确率100%,2020/4/16,疑,尚无定论,"['新型冠状病毒', '唾液']"
146,长期高浓度使用84消毒液，可能导致过敏性肺泡炎,2020/4/16,真,确实如此,"['84消毒液', '过敏性肺泡炎']"
147,特朗普请巫师到白宫施法以驱除新冠病毒,2020/4/15,假,谣言,"['新型冠状病毒', '特朗普']"
148,无症状感染者是新冠病毒后期的特征,2020/4/14,假,谣言,"['新型冠状病毒', '无症状感染者']"
149,氯喹和羟氯喹可以有效治疗新冠肺炎,2020/4/14,疑,尚无定论,"['新冠肺炎', '氯喹']"
150,剑桥研究可确定病毒有三个版本，原始版本美澳更常见,2020/4/13,疑,尚无定论,"['剑桥大学', '新型冠状病毒']"
151,伊维菌素可以治疗新冠肺炎,2020/4/13,假,谣言,"['伊维菌素', '新冠肺炎']"
152,北京市于4月12日官宣高三初三年级返校时间,2020/4/12,真,确有此事,"['北京', '开学']"
153,张文宏说武汉已经实现群体免疫,2020/4/12,假,谣言,"['武汉', '张文宏']"
154,5G是新冠病毒的元凶，没有5G就不会爆发疫情,2020/4/11,假,谣言,"['5G', '新型冠状病毒']"
155,武汉大智路数码港有无症状新冠肺炎患者倒地,2020/4/11,假,谣言,"['武汉', '新冠肺炎']"
156,美国新冠肺炎患者跳海自杀导致海盐污染，需要抢盐,2020/4/10,假,谣言,"['盐', '新型冠状病毒']"
157,柳州奖励援鄂医疗队员每人一辆汽车,2020/4/9,假,谣言,"['柳州', '援鄂医疗队']"
158,北京市于4月8日宣布高三年级4月27日开学,2020/4/9,假,谣言,"['北京', '开学时间']"
159,上海高三年级、初三年级于4月27日返校开学,2020/4/9,真,确有此事,"['上海', '开学时间']"
160,张文宏医生自曝收入和全家福,2020/4/8,假,谣言,"['张文宏', '华山医院']"
161,BBC4月7日称英国首相鲍里斯因新冠肺炎去世,2020/4/7,假,谣言,"['英国', '新冠肺炎']"
162,北京某区教委初步确认9月1日前不开学,2020/4/7,假,谣言,"['北京', '开学时间']"
163,美国用最先进的显微镜看到空气中充满病毒,2020/4/7,假,谣言,"['新型冠状病毒', '空气传播']"
164,停止食用烘焙食品！食用烘焙食品容易感染新冠病毒,2020/4/7,假,谣言,"['新型冠状病毒', '烘焙食品']"
165,意大利女孩确诊新冠肺炎后阳台自杀,2020/4/6,假,谣言,"['意大利', '新型冠状病毒']"
166,4月7日起廊坊市恢复机动车限行,2020/4/6,假,谣言,"['机动车限行', '廊坊']"
167,卡介苗能够抵御新冠病毒,2020/4/5,疑,尚无定论,"['卡介苗', '新冠病毒']"
168,病毒惹的祸：美国有很多感染的人绝望跳海了,2020/4/5,假,谣言,"['美国', '新型冠状病毒']"
169,柳絮会携带新冠病毒，从而导致跨区域性传播,2020/4/5,假,谣言,"['柳絮', '新型冠状病毒']"
170,意大利民众因新冠疫情将纸币丢弃于大街,2020/4/5,假,谣言,"['意大利', '新型冠状病毒']"
171,意大利警察当街把65岁以上的老年人都抓了关起来,2020/4/5,假,谣言,"['意大利', '新型冠状病毒']"
172,甘肃省已确定开学时间：4月9日起分批次有序开学,2020/4/4,真,确有此事,"['甘肃', '开学']"
173,山东省已确定开学时间：高中毕业年级4月15日开学,2020/4/4,真,确有此事,"['山东', '开学']"
174,新加坡总理李显龙确诊感染新冠肺炎,2020/4/3,假,谣言,"['新型冠状病毒', '李显龙']"
175,教育部宣布取消2020年6月的英语四六级考试,2020/4/3,假,谣言,"['英语四六级', '教育部']"
176,河北省教育厅发布公告：河北各学校于4月10日开学,2020/4/3,假,谣言,"['河北', '开学时间']"
177,男子为了不隔离从澳门游泳回珠海,2020/4/2,假,谣言,"['新型冠状病毒', '珠海']"
178,多地发生入室抢劫案，抢劫犯冒充防疫人员,2020/4/2,假,谣言,"['新型冠状病毒', '防疫人员']"
179,意大利政府将新冠病人尸体丢入万人坑,2020/4/2,假,谣言,"['意大利', '新型冠状病毒']"
180,视频：意大利情侣双双感染新冠肺炎，病房永别后去世,2020/4/1,假,谣言,"['新型冠状病毒', '意大利']"
181,新型冠状病毒可以通过空气传播,2020/4/1,疑,尚无定论,"['新型冠状病毒', '空气传播']"
182,新型冠状病毒无症状感染者存在传播风险,2020/3/31,真,确实如此,"['新型冠状病毒', '无症状感染者']"
183,喝柠檬苏打水可以预防新冠肺炎,2020/3/31,假,伪科学,"['柠檬', '小苏打']"
184,东京将于4月2日封城,2020/3/31,假,谣言,"['东京', '新型冠状病毒']"
185,新型冠状病毒会通过气溶胶传播,2020/3/31,疑,尚无定论,"['新型冠状病毒', '飞沫']"
186,2020年全国高考延期一个月举行,2020/3/31,真,确有此事,"['高考', '湖北省']"
187,吉林省教育厅于3月29日正式通知中小学延后开学,2020/3/31,假,谣言,"['吉林省', '中小学教育']"
188,上海市杨浦区一小区境外输入病例被带走,2020/3/30,假,谣言,"['上海', '新型冠状病毒']"
189,湖南省教育厅通告：全省高三初三年级4月7日开学,2020/3/29,真,确有此事,"['湖南', '开学']"
190,辽宁省教育局3月28日前公布了各学校具体开学时间,2020/3/28,假,谣言,"['辽宁', '中小学教育']"
191,天津市教育局于3月27日公布中小学及高校开学时间,2020/3/28,假,谣言,"['天津', '教学安排']"
192,英国首相鲍里斯确诊新冠肺炎,2020/3/28,真,确有此事,"['新型冠状病毒', '英国']"
193,世界男高音多明戈因新冠肺炎于3月26日去世,2020/3/27,假,谣言,"['多明戈', '新冠肺炎']"
194,西班牙的中国公民可登记信息，撤侨按照登记顺序进行,2020/3/27,假,谣言,"['撤侨', '西班牙']"
195,中国出口捷克的新冠快速检测试剂错误率80%,2020/3/27,假,谣言,"['新冠病毒', '捷克']"
196,四川省教育厅已于3月25日确定高三初三开学时间,2020/3/26,真,确有此事,"['四川', '开学时间']"
197,广东已于3月26日前确定学生返校时间,2020/3/26,假,谣言,"['广东', '开学时间']"
198,拥吻照里的意大利医生夫妇，抢救百名病人后感染死亡,2020/3/26,假,谣言,"['意大利', '新型冠状病毒']"
199,来自斯坦福医院的关于新冠肺炎的十点提醒,2020/3/25,假,谣言,"['新型冠状病毒', '斯坦福大学']"
200,喀麦隆机场警察开枪射击感染新冠肺炎的乘客,2020/3/25,假,谣言,"['喀麦隆', '新型冠状病毒']"
201,日常消毒时所有的消毒剂都能有效杀灭新型冠状病毒,2020/3/25,疑,有失实,"['新型冠状病毒', '消毒剂']"
202,武汉市政府不再对新冠肺炎病人免费治疗,2020/3/25,假,谣言,"['新型冠状病毒', '武汉']"
203,比尔盖茨发表公开信，称“病毒是伟大的纠错”,2020/3/25,假,谣言,"['新型冠状病毒', '比尔盖茨']"
204,哈佛大学校长夫妇确诊新冠肺炎,2020/3/25,真,确有此事,"['新型冠状病毒', '哈佛大学']"
205,意大利不再给60岁以上的新冠肺炎患者戴呼吸机,2020/3/25,假,谣言,"['意大利', '新型冠状病毒']"
206,首部抗疫剧钟南山饰演者已确定为陈道明,2020/3/25,假,谣言,"['钟南山', '陈道明']"
207,中铁十九局发布意大利建方舱医院招工简章,2020/3/24,假,谣言,"['意大利', '中铁十九局']"
208,海关不允许携带或寄递口罩出境,2020/3/24,假,谣言,"['口罩', '海关']"
209,新冠肺炎患者治愈后要佩戴14天手环,2020/3/24,假,谣言,"['新冠肺炎', '病毒']"
210,湖北疫情反弹医疗队暂缓离鄂,2020/3/24,假,谣言,"['新冠肺炎', '医疗队']"
211,一对夫妻登记结婚，男方叫辛冠，女方叫费妍,2020/3/24,假,谣言,"['新冠肺炎', '结婚证']"
212,每天用肥皂洗鼻窦可以降低感染肺炎风险,2020/3/24,假,谣言,"['新型冠状病毒', '肥皂']"
213,德国总理默克尔居家隔离,2020/3/23,真,确有此事,"['新型冠状病毒', '德国']"
214,江苏省政府公告开学时间，3月30日起分批次开学,2020/3/23,真,确有此事,"['江苏省', '开学时间']"
215,为让民众在家隔离，普京在街上放了800只狮子老虎,2020/3/23,假,谣言,"['新型冠状病毒', '俄罗斯']"
216,美国24小时内搭建180座野战医院，遍布美国各地,2020/3/22,假,谣言,"['美国', '野战医院']"
217,通知：全国的国际航班一律全部由上海承担飞行,2020/3/22,假,谣言,"['上海', '国际航班']"
218,受疫情影响，游客减少，威尼斯出现天鹅和海豚游泳,2020/3/22,假,谣言,"['威尼斯', '意大利']"
219,广州“女毒王”照片曝光，戴墨镜在国外游玩,2020/3/21,假,谣言,"['新冠病毒', '广州']"
220,中国球员武磊在西班牙确诊感染新冠病毒,2020/3/21,真,确有此事,"['武磊', '新冠病毒']"
221,美国启用10艘医疗舰驶入纽约港，收治新冠肺炎病人,2020/3/21,假,谣言,"['美国', '医疗舰']"
222,斯坦福大学：能憋气10秒就没感染新冠病毒,2020/3/21,假,谣言,"['新冠病毒', '斯坦福大学']"
223,武汉殡仪馆招募义工，工资日结，4000元/晚,2020/3/20,假,谣言,"['新型冠状病毒', '武汉']"
224,西班牙生物学家：C罗梅西收入高，找他们要疫苗,2020/3/20,假,谣言,"['C罗', '新型冠状病毒']"
225,成都已通告中小学分别在4月7、13、20日开学,2020/3/20,假,谣言,"['成都', '开学']"
226,因带宽压力，欧盟敦促网飞等平台停止提供高清视频,2020/3/20,真,确有此事,"['疫情', '网飞公司']"
227,如果身边朋友同事得过新冠肺炎，今后两年绝不能接触,2020/3/20,假,谣言,"['新型冠状病毒', '接触传播']"
228,援鄂医务人员均可获一枚纪念章，全家终生免费游湖北,2020/3/19,疑,有失实,"['新型冠状病毒', '援鄂医疗队']"
229,NBA球员欧文等三人新冠病毒检测结果呈阳性,2020/3/19,假,谣言,"['新型冠状病毒', 'NBA']"
230,江西省3月19前已官宣各级学校于4月5日分批开学,2020/3/19,假,谣言,"['江西', '新型冠状病毒']"
231,A型血更易感染新冠肺炎，O型血不易感,2020/3/18,疑,尚无定论,"['新型冠状病毒', '易感人群']"
232,市政府会仪（议）精神：3月22日可点对点返鄂返汉,2020/3/18,假,谣言,"['武汉', '新型冠状病毒']"
233,天津大中小学、幼儿园开学时间3月17日前已确定,2020/3/18,假,谣言,"['新型冠状病毒', '天津']"
234,福建高三和初三年级3月23日开学,2020/3/18,假,谣言,"['新型冠状病毒', '福建']"
235,石正丽警告：对疫情不必太乐观，蚊虫或成第三宿主,2020/3/17,假,谣言,"['武汉病毒所', '新型冠状病毒']"
236,《老人报》八年前预测新型冠状病毒会输入爆发,2020/3/17,假,谣言,"['疾病爆发', '预测']"
237,布鲁塞尔地铁一男子舔手后把口水抹在车厢扶手上,2020/3/17,真,确有此事,"['比利时', '布鲁塞尔']"
238,日本医生建议：大量喝水保持喉咙湿润，预防新冠病毒,2020/3/16,假,伪科学,"['新型冠状病毒', '传染病']"
239,视频：特朗普感染新冠肺炎，演讲时晕倒，副总统接任,2020/3/16,假,谣言,"['特朗普', '新冠病毒']"
240,C罗买下了一座小岛暂住，以隔离新冠病毒,2020/3/16,假,谣言,"['C罗', '新型冠状病毒']"
241,连云港市东海县境外回国人员确诊新冠肺炎,2020/3/15,假,谣言,"['新型冠状病毒', '连云港']"
242,北京一名代购韩国扫货回国后不隔离,2020/3/15,假,谣言,"['新型冠状病毒', '韩国']"
243,武汉一家五口因发热瞒报被送医,2020/3/15,假,谣言,"['武汉', '新型冠状病毒']"
244,马来西亚巫师病床作法抓新冠病毒后遭隔离,2020/3/14,假,谣言,"['马来西亚', '新型冠状病毒']"
245,意大利卫生部长感染新型冠状病毒去世,2020/3/14,假,谣言,"['意大利', '新型冠状病毒']"
246,武汉青山区某隔离点有32名因疫情失去监护人的孤儿,2020/3/13,假,谣言,"['武汉', '新型冠状病毒']"
247,意大利大使馆防疫物资采购清单流出,2020/3/13,假,谣言,"['意大利', '新型冠状病毒']"
248,湖南汨罗新增19例新冠肺炎患者,2020/3/13,假,谣言,"['汨罗', '新型冠状病毒']"
249,意大利新冠疫情严重，军方动用坦克封城,2020/3/12,假,谣言,"['意大利', '坦克']"
250,北京4月6日大学中学开学，20日小学幼儿园开学,2020/3/12,假,谣言,"['北京', '开学']"
251,上海3月16日起出行正常化，4月6日起陆续开学,2020/3/12,假,谣言,"['上海', '开学']"
252,汤姆·汉克斯宣布他和妻子感染新冠病毒,2020/3/12,真,确有此事,"['汤姆汉克斯', '新型冠状病毒']"
253,NBA官方确认暂停2019-2020赛季,2020/3/12,真,确有此事,"['新型冠状病毒', 'NBA']"
254,戴口罩可以吹灭蜡烛打火机火苗，说明口罩不合格,2020/3/12,假,伪科学,"['口罩', '蜡烛']"
255,合格的口罩会吸附大量纸屑，反之就是不合格的口罩,2020/3/11,假,伪科学,"['口罩', '吸附纸屑']"
256,新型冠状病毒和乙肝病毒一样,2020/3/11,假,谣言,"['乙肝', '新型冠状病毒']"
257,中国捐助日本的检测试剂盒被美国强行拦截，已经用完,2020/3/11,假,谣言,"['新型冠状病毒', '检测试剂盒']"
258,里皮：中国下决心做一件事时执行力很强，除了足球,2020/3/11,假,谣言,"['里皮', '中国']"
259,政府通告：3月11日起南阳市全面恢复生产生活秩序,2020/3/11,真,确有此事,"['复工', '南阳']"
260,抗病毒药阿昔洛韦能有效预防新冠肺炎,2020/3/10,假,伪科学,"['新型冠状病毒', '阿昔洛韦']"
261,河南省中小学幼儿园3月14日起陆续开学,2020/3/10,假,谣言,"['新型冠状病毒', '河南']"
262,3月16日起天津恢复尾号限行,2020/3/10,假,谣言,"['天津', '尾号限行']"
263,武汉天河机场复航日期已确定,2020/3/10,假,谣言,"['武汉', '天河机场']"
264, 新冠病毒能在康复者体内存留数周但传染力变弱,2020/3/10,疑,尚无定论,"['新型冠状病毒', '核酸检测']"
265,吴好运于泉州欣佳宾馆隔离期间死亡，没躲过追杀,2020/3/10,假,谣言,"['新型冠状病毒', '泉州']"
266,中国禁止医用口罩出口,2020/3/10,假,谣言,"['新型冠状病毒', '出口限制']"
267,中国驻韩国使馆3月份暂停办理中国护照,2020/3/10,假,谣言,"['新型冠状病毒', '韩国']"
268,钟南山预测：五年后人民体质会整体下降，养生是防火,2020/3/9,疑,有失实,"['钟南山', '养生']"
269,市政府：3月16日居民出行正常化，17日公交正常,2020/3/9,假,谣言,"['出行', '公交']"
270,上海虹口足球场成为集中隔离点,2020/3/9,假,谣言,"['新型冠状病毒', '上海']"
271,上海港汇恒隆广场被封，确诊一例，意大利人！,2020/3/8,假,谣言,"['新型冠状病毒', '上海']"
272,每天用肥皂洗鼻窦可以降低感染肺炎风险,2020/3/8,假,谣言,"['新型冠状病毒', '疾病预防']"
273,北医三院曾海基：中医治疗新冠肺炎320例无一死亡,2020/3/8,假,谣言,"['新型冠状病毒', '北京大学第三医院']"
274,李跃华夫妇受韩国邀请前往抗疫，代表国家出征邻国,2020/3/8,假,谣言,"['李跃华', '新型冠状病毒']"
275,湖北产地的水果不能吃,2020/3/8,假,谣言,"['新型冠状病毒', '湖北']"
276,政府已通告荆州将于3月10号解封复工,2020/3/8,假,谣言,"['新型冠状病毒', '交通管制']"
277,新冠病毒会在夏季自行消失,2020/3/7,疑,尚无定论,"['新型冠状病毒', '世界卫生组织']"
278,名字里带“氯”的消毒剂就是含氯消毒剂,2020/3/7,疑,有失实,"['含氯消毒剂', '次氯酸']"
279,牛蛙、甲鱼等已被列入禁食名单,2020/3/6,假,谣言,"['野生动物', '新型冠状病毒']"
280,支援武汉的上海52岁男医生感染新冠肺炎去世,2020/3/7,假,谣言,"['新型冠状病毒肺炎', '上海']"
281,教育部确定今年高考延期至6月26日举行,2020/3/6,假,谣言,"['高考', '延期']"
282,意大利86人因新冠肺炎被隔离在妓院里14天,2020/3/6,假,谣言,"['意大利', '西班牙']"
283,宠物狗会传播新型冠状病毒,2020/3/5,疑,尚无定论,"['宠物狗', '新型冠状病毒']"
284,腾讯课堂给违反纪律的学生发短信，要求交纳罚款,2020/3/5,假,谣言,"['腾讯课堂', '诈骗短信']"
285,钟南山近日出征欧洲，指导其他国家抗击疫情,2020/3/5,假,谣言,"['钟南山', '新型冠状病毒']"
286,花岗岩能预防新冠肺炎感染,2020/3/5,假,伪科学,"['新型冠状病毒', '花岗岩']"
287,意大利零号病人是去夏威夷度假后被感染,2020/3/5,假,谣言,"['意大利', '零号病人']"
288,日本厂家推出一体化防护头盔,2020/3/4,假,谣言,"['新型冠状病毒', '日本']"
289,安宫牛黄丸可预防新冠肺炎,2020/3/4,疑,尚无定论,"['安宫牛黄丸', '新型冠状病毒']"
290,降压药会加重已感染新冠病毒的高血压患者病情,2020/3/4,假,谣言,"['降压药', '新型冠状病毒']"
291,降压药会增加高血压患者感染病毒的风险,2020/3/4,疑,尚无定论,"['降压药', '新型冠状病毒']"
292,用烟草能研发出新冠肺炎疫苗,2020/3/4,疑,尚无定论,"['新冠肺炎', '疫苗']"
293,中国女子给美国捐赠20万只口罩后获得绿卡,2020/3/3,假,谣言,"['宁波', '口罩']"
294,疫情期间可以通过大强度锻炼提高抵抗力,2020/3/3,假,伪科学,"['锻炼', '抵抗力']"
295,韩国16名护士因新冠肺炎疫情集体辞职,2020/3/3,假,谣言,"['韩国', '新型冠状病毒']"
296,青蒿素可以治疗新型冠状病毒肺炎,2020/3/2,疑,尚无定论,"['青蒿素', '新型冠状病毒']"
297,可以通过褶皱方向、鼻夹或耳带来判断口罩正反面,2020/3/2,疑,分情况,"['口罩', '正反面']"
298,湖北黄冈村民误服二氧化氯消毒片,2020/3/2,真,确有此事,"['湖北黄冈', '消毒片']"
299,李跃华的穴位注射苯酚疗法对新冠肺炎治疗有效,2020/3/2,疑,尚无定论,"['针灸', '新型冠状病毒']"
300,意大利尤文图斯俱乐部有三名球员感染新冠病毒,2020/3/2,假,谣言,"['新型冠状病毒', '尤文图斯']"
301,一封来自武大女博士新冠肺炎的遗书,2020/3/2,假,谣言,"['武汉大学', '女博士']"
302,熔喷布燃烧无烟无焦，据此可以区分口罩真假,2020/3/1,假,伪科学,"['口罩', '熔喷布']"
303,大批华侨包机从国外回安徽避难,2020/3/1,假,谣言,"['华侨', '新型冠状病毒']"
304,河南省正式公布各市县区疫情等级名单,2020/3/1,假,谣言,"['河南', '新型冠状病毒']"
305,湖南益阳一武大学生传染了爷爷，并接触790人,2020/3/1,假,谣言,"['益阳', '新型冠状病毒']"
306,物美员工出现群体性发热，涉及北京7家门店,2020/3/1,假,谣言,"['物美', '新型冠状病毒']"
307,台湾专家：根据一篇论文可以得出新冠病毒源头是美国,2020/2/29,假,伪科学,"['新型冠状病毒', '美国']"
308,新冠病毒家庭版试剂盒上市，在家指尖采血就可以测,2020/2/29,假,谣言,"['新型冠状病毒', '测试盒']"
309,可以确定美国病毒是5株，中国2株，伊朗和美国一样,2020/2/29,假,伪科学,"['毒株', '美国']"
310,伊朗副总统确诊新冠肺炎后，政府官员不戴口罩探望,2020/2/29,假,谣言,"['伊朗', '新型冠状病毒肺炎']"
311,美国的电子烟肺炎是新型冠状病毒导致,2020/2/29,假,伪科学,"['新型冠状病毒', '电子烟']"
312,因疫情严重，哈尔滨封城,2020/2/29,假,谣言,"['新型冠状病毒', '哈尔滨']"
313,韩国人坐飞机到达成都，仅量体温就放行，不隔离,2020/2/29,假,谣言,"['韩国', '成都']"
314,视频：蒙古国捐赠中国的三万只羊正在二连浩特入境,2020/2/28,假,谣言,"['蒙古国', '羊']"
315,鸡屎藤能预防新型冠状病毒,2020/2/28,假,谣言,"['鸡屎藤', '新冠肺炎']"
316,急救改用吸痰机，武汉疫情一天死亡人数减半,2020/2/28,假,谣言,"['呼吸机', '吸痰机']"
317,狗能感染新型冠状病毒,2020/2/28,疑,尚无定论,"['新型冠状病毒', '感染']"
318,成龙感染新型冠状病毒肺炎被隔离,2020/2/28,假,谣言,"['成龙', '新冠肺炎']"
319,美国疾控中心确认新冠病毒源头是美国,2020/2/28,假,谣言,"['美国疾控中心', '新型冠状病毒']"
320,长沙学校推迟至4月20日复课,2020/2/27,假,谣言,"['长沙', '新型冠状病毒']"
321,喝茶能有效预防新型冠状病毒肺炎,2020/2/27,假,谣言,"['茶', '新型冠状病毒']"
322,苦木注射液对新冠肺炎的治疗有效,2020/2/27,疑,尚无定论,"['苦木注射液', '中药制剂']"
323,疫情期间橘子不能边剥边吃,2020/2/27,假,谣言,"['橘子', '新型冠状病毒']"
324,河南方中山胡辣汤店被勒令关门,2020/2/27,假,谣言,"['钟南山', '胡辣汤']"
325,人民大会堂一人一桌招待世卫组织客人,2020/2/26,假,谣言,"['人民大会堂', '世卫组织']"
326,湖北天门将外省捐赠的萝卜倒入垃圾站,2020/2/26,假,谣言,"['天门', '萝卜']"
327,韩国人去青岛躲避疫情导致航班爆满，入境不用被隔离,2020/2/26,假,谣言,"['韩国', '青岛']"
328,喝单枞茶可以预防新冠肺炎,2020/2/26,假,谣言,"['单枞茶', '新型冠状病毒']"
329,洋葱可以吸附新冠病毒,2020/2/26,假,谣言,"['洋葱', '新型冠状病毒']"
330,陕西甘肃湖南的村民在公园闲逛被要求背防疫手册,2020/2/26,假,谣言,"['村民', '防疫手册']"
331,日本除菌卡（消毒卡）挂身上能预防新型冠状病毒,2020/2/26,疑,有失实,"['除菌卡', '消毒卡']"
332,深圳一“新冠肺炎已治愈患者”闯地铁致安检员被隔离,2020/2/25,真,确有此事,"['新冠肺炎', '深圳地铁']"
333, 对新冠肺炎患者，低分子肝素可以有效治疗血栓,2020/2/25,疑,有失实,"['新型冠状病毒', '低分子肝素']"
334,口服新型冠状病毒疫苗已经研发成功,2020/2/25,假,谣言,"['天津大学', '黄金海']"
335,北京积水潭医院要建方舱医院,2020/2/25,假,谣言,"['北京', '方舱医院']"
336,武汉西马街养老院120个老人全感染新冠肺炎,2020/2/25,假,谣言,"['武汉', '新型冠状病毒肺炎']"
337,斯洛伐克总理彼得·佩列格里尼感染新冠肺炎,2020/2/25,假,谣言,"['斯洛伐克总理', '彼得·佩列格里尼']"
338,盘龙城美府明苑一女士为了出去买点肉，从十楼爬下来,2020/2/25,疑,有失实,"['武汉', '肺炎疫情']"
339,新冠肺炎疫情在美国早已爆发，美国还没缓过神来,2020/2/25,疑,有失实,"['美国', '疫情爆发']"
340,国家体育总局下发4月30日前禁止办赛通知,2020/2/24,假,谣言,"['国家体育总局', '体育比赛']"
341,2月24日温州爆发新冠肺炎疫情，多人感染,2020/2/24,假,谣言,"['温州', '新型冠状病毒']"
342,新冠病毒会像流感病毒一样季节性爆发,2020/2/24,疑,尚无定论,"['新型冠状病毒', '石正丽']"
343,使用光催化设备能有效预防新型冠状病毒感染,2020/2/24,疑,有失实,"['光催化设备', '新型冠状病毒']"
344,有CN95认证的车可以防病毒,2020/2/24,疑,有失实,"['新型冠状病毒', 'N95口罩']"
345,接触到新冠肺炎患者的汗水就会感染新冠病毒,2020/2/24,疑,分情况,"['汗水', '体液']"
346,美国吹哨人爆料美国新冠肺炎感染者已超1000例,2020/2/24,假,谣言,"['美国', '流感']"
347,2月25日-3月10日武汉所有商店关门,2020/2/24,假,谣言,"['武汉', '新型冠状病毒']"
348,北京通报的新冠肺炎病人不含外地人,2020/2/23,假,谣言,"['北京', '新型冠状病毒肺炎']"
349,研究发现新冠病毒的源头不是华南海鲜市场,2020/2/23,真,确有此事,"['新型冠状病毒', '华南海鲜市场']"
350,京东物流司机感染新冠病毒后死在车里,2020/2/23,假,谣言,"['京东', '物流司机']"
351,视频：江西赣州解禁第四天赶集，多人未戴口罩,2020/2/23,真,确有此事,"['江西', '赶集']"
352,广州水投集团内部员工对话泄露：自来水数倍加氯,2020/2/23,假,谣言,"['广州', '自来水']"
353,武汉两名新冠肺炎患者治愈后复发,2020/2/23,假,谣言,"['武汉', '新型冠状病毒']"
354,武汉一小区因团购导致30多人感染新冠肺炎,2020/2/23,假,谣言,"['武汉', '团购']"
355,武汉中心医院急诊科主任艾芬感染新冠肺炎去世,2020/2/23,假,谣言,"['武汉中心医院', '新型冠状病毒肺炎']"
356, 网上团购的生鲜食物会携带新冠病毒,2020/2/23,假,谣言,"['团购', '生鲜']"
357,钟南山：至今确诊一万多例，无一素食者感染新冠病毒,2020/2/23,假,谣言,"['素食者', '新型冠状病毒']"
358,一次性口罩垫片可以起到防护作用,2020/2/23,疑,分情况,"['口罩', '口罩垫片']"
359,国家要求全部房东的出租行为，全部减免租金,2020/2/22,疑,有失实,"['肺炎疫情', '国家一级响应']"
360,俄罗斯科学家验证新冠病毒为人工合成病毒,2020/2/22,假,谣言,"['新型冠状病毒', '俄罗斯']"
361,10年前陈国生就预测预言了新冠肺炎的爆发,2020/2/22,假,谣言,"['陈国生', '神预言']"
362,建设火神山医院的工人要结算工资了，许多人坚决不要,2020/2/22,疑,有失实,"['火神山医院', '工资']"
363,核酸检测结果阴性不能排除新型冠状病毒感染,2020/2/22,真,确实如此,"['新型冠状病毒', '核酸检测']"
364,日媒：美疾控2月14日称部分流感患者死于新冠肺炎,2020/2/22,假,谣言,"['新冠肺炎', '美国流感']"
365,外出检测体温，最好测手腕！ 红外线测温仪伤害眼睛,2020/2/22,疑,有失实,"['红外线体温计', '视力']"
366,知网限时免费赠送论文查重券,2020/2/22,假,谣言,"['论文查重', '限时免费']"
367,病毒会沾在头发上，每次外出回家都需要洗头,2020/2/22,疑,有失实,"['洗头', '新型冠状病毒']"
368,循环使用的地铁票会传播病毒,2020/2/22,疑,有失实,"['地铁票', '新型冠状病毒']"
369,使用二氧化氯贴片能预防新型冠状病毒，且无毒无害,2020/2/21,疑,有失实,"['新型冠状病毒', '肺炎']"
370,新型冠状病毒能通过皮肤侵入人体,2020/2/21,假,谣言,"['新型冠状病毒', '皮肤']"
371,全国30个省市疫情结束倒计时已正式公布,2020/2/21,假,谣言,"['新型冠状病毒', '肺炎']"
372,闻到新冠肺炎患者的屁，就会感染新冠病毒,2020/2/21,疑,有失实,"['新冠肺炎患者', '屁']"
373,柬埔寨首相洪森确诊新冠肺炎,2020/2/21,假,谣言,"['新冠病毒', '肺炎']"
374,土霉素对新型冠状病毒肺炎治疗有效,2020/2/21,假,谣言,"['新型冠状病毒', '土霉素']"
375,钟南山预测：3月10日后各地将陆续解除限制,2020/2/21,假,谣言,"['钟南山', '新型冠状病毒肺炎']"
376,武汉长江大桥燃放烟花驱疫,2020/2/21,假,谣言,"['武汉', '烟花']"
377,江苏省内所有卡点于2月20日晚全部拆除,2020/2/21,假,谣言,"['新型冠状病毒', '江苏省']"
378,视频：钟南山看望林正斌教授，林教授哀求：救救我,2020/2/20,假,谣言,"['钟南山', '林正斌']"
379,深圳的学校将于3月2日起分批开学,2020/2/20,假,谣言,"['深圳', '学校']"
380,新型冠状病毒是由实验室制造的生物武器,2020/2/20,假,谣言,"['世卫组织', '新型冠状病毒']"
381,流行性传染病暴发后，找到零号病人至关重要,2020/2/20,疑,分情况,"['零号病人', '新型冠状病毒']"
382,国家发口罩钱了，微信医疗健康每日都能领福利,2020/2/20,疑,有失实,"['健康金', '口罩']"
383,买回家的蔬菜必须用75%的酒精消毒,2020/2/20,假,伪科学,"['新型冠状病毒', '蔬菜']"
384,自来水采用上限标准加氯消毒，用水时最少静置两小时,2020/2/20,假,谣言,"['自来水', '氯气']"
385,蜂毒（蜂针和蜂毒注射液治疗）能抑制新型冠状病毒,2020/2/20,假,谣言,"['新型冠状病毒', '蜜蜂']"
386,北京大中小学将于3月初开学,2020/2/19,假,谣言,"['北京', '开学']"
387,中国要满足28天无新增病例的摘帽规则才能启动复航,2020/2/19,假,谣言,"['WHO', '新型冠状病毒']"
388,新型冠状病毒损伤肾脏和睾丸，因此会影响生育,2020/2/19,疑,尚无定论,"['新型冠状病毒', '肾脏']"
389,成都、宁波、福州等地学校将于3月2日开学,2020/2/19,假,谣言,['']
390,温州出现新病毒，490例里40%是全新变异的病毒,2020/2/19,假,谣言,"['温州', '病毒变异']"
391,重楼可以抑制新型冠状病毒,2020/2/18,疑,尚无定论,"['重楼', '新型冠状病毒']"
392,毛桃根可抗新型冠状病毒,2020/2/18,假,谣言,"['毛桃根', '新型冠状病毒']"
393,疫情期间从医院等地回收的现金将直接被销毁,2020/2/18,疑,分情况,"['现金', '消毒']"
394,胡柚能治疗新型冠状病毒肺炎,2020/2/18,假,谣言,"['胡柚', '新型冠状病毒']"
395,轻症患者手粘唾液触碰眼口鼻会转化为重症,2020/2/18,假,谣言,"['新型冠状病毒', '唾液']"
396,磷酸氯喹是治疗新冠肺炎的特效药,2020/2/18,疑,尚无定论,"['新型冠状病毒', '肺炎']"
